genre_id,MSE_cvae_mean,MSE_cvae_std
0,0.024728197879265723,0.011141576751812932
1,0.018738441806251897,0.011335341225034268
2,0.021462559235309465,0.009299763807709364
3,0.022912826053662533,0.009713519356064997
-1,0.022141754769546898,0.009698727145929899
