genre_id,Recon_Loss_mean,KL_Div_mean,ELBO_mean,n
0,84.96730278845503,77.90520226330445,-85.74635480523429,4101
1,65.55023063355445,65.67901896994839,-66.20702080997773,7663
2,73.43840019144082,76.84022352967081,-74.20680242499161,82160
3,77.883833102271,71.73355815911054,-78.60116868131409,92444
-1,75.57281482397997,73.87168061312616,-76.31153162740296,186368
