genre_id,MSE_cvae_mean,MSE_cvae_std
0,0.020337204244835917,0.009091654169644782
1,0.015840557567039136,0.00947366748271817
2,0.01759804129557187,0.007853160939790412
3,0.018875424133478595,0.00819366517593509
-1,0.018220509244789178,0.00816791798154579
