genre_id,Recon_Loss_mean,KL_Div_mean,ELBO_mean,n
0,173.64395487008,86.0003720814261,-174.50395891278967,2043
1,135.84657681129036,74.43722663621212,-136.59094918726436,3812
2,151.18504750350505,85.24583589395172,-152.0375058268854,40837
3,160.57508106401636,80.65532196554322,-161.38163430096145,45980
-1,155.70817250980144,82.54024271059843,-156.53357494142142,92672
