genre_id,MSE_cvae_mean,MSE_cvae_std
0,0.020106857209734385,0.0090339223825329
1,0.015640187438075544,0.009370880437271745
2,0.01737220667830875,0.007825463195443798
3,0.01862344729176574,0.00816000617862294
-1,0.01798234915933157,0.008131793072425498
