genre_id,MSE_cvae_mean,MSE_cvae_std
0,0.021183117137537906,0.00984600558973291
1,0.01657906101442065,0.010219049319643389
2,0.018454175893891252,0.008396682440410244
3,0.01960013679522084,0.008673956224098148
-1,0.019005784557867,0.008688274438146739
