genre_id,Recon_Loss_mean,KL_Div_mean,ELBO_mean,n
0,333.10465672526874,93.39076534546139,-334.038563803059,1013
1,259.42617968293064,83.21869520009574,-260.2583662380733,1888
2,288.36047099696725,93.09298352951576,-289.2914007620776,20239
3,309.25955203217353,91.43516745760465,-310.1739037357703,22812
-1,298.5329935143113,91.87085818962134,-299.45170205070644,45952
