genre_id,Recon_Loss_mean,KL_Div_mean,ELBO_mean,n
0,329.58422502421814,93.60477856119631,-330.5202729637208,1012
1,256.2723507356467,83.61372468229068,-257.1084879509852,1888
2,284.68661777802305,93.35844102738209,-285.6202021798831,20239
3,305.12181605184344,91.95586818788207,-306.0413746303622,22813
-1,294.65307017569467,92.26718003628646,-295.575741923134,45952
